<?xml version="1.0" encoding="UTF-8"?>

<!-- This file is the configuration file for 4 of the agents in the
 Pizza Party application. You must run both this and the other Node
 (SD_CCM_PizzaNode2) to run the application. -->
<!-- To run, use bin/cougaar[.bat] SD_CCM_PizzaNode1.xml SD_CCM_PizzaNode1 -->

<!-- This is the ServiceDiscovery version of the application. See -->
<!-- also PizzaNode1 and PizzaNode2 -->

<!-- If you would like to break the agents up across different nodes, or hosts, -->
<!-- create a new <node name=name_here> section within the host element.  -->
<!-- Then remove the desired <agent>'s from the current <node> and place them -->
<!-- in the new <node>.  -->
<!-- The same can be done for adding a new <host>:  Add the new <host> to the -->
<!-- <society>, add a new <node> on the new <host> and then place agents on new node -->
<society 
  xmlns:xsi="http://www.w3.org/2001/XMLSchema-instance" 
  name="SD_CCM_Pizza-SOCIETY" 
  xsi:noNamespaceSchemaLocation="http://www.cougaar.org/2003/society.xsd">
  <host name="localhost">
    <node name="SD_CCM_PizzaNode1">
      <!-- The Java class to execute. -->
      <class>org.cougaar.bootstrap.Bootstrapper</class>
      <!-- Argument to the Java program. In this case, the actual
      class to run, once the Boostrapper finds the Jar files -->
      <prog_parameter>org.cougaar.core.node.Node</prog_parameter>

      <!-- vm_parameters, for use by $COUGAAR_INSTALL_PATH/bin/cougaar -->
      <!-- Make sure these SD_CCM_PizzaNode1 references match: -->
      <vm_parameter>-Dorg.cougaar.node.name=SD_CCM_PizzaNode1</vm_parameter>
      <vm_parameter>-Dorg.cougaar.society.file="SD_CCM_PizzaNode1.xml"</vm_parameter>
      <!-- The following parameters are standard -->
      <vm_parameter>-Djava.class.path="$COUGAAR_INSTALL_PATH/lib/bootstrap.jar"</vm_parameter>

      <!-- You could specify custom directories here - for example, to
      override the implementation of one of the Pizza plugins -->
      <vm_parameter>-Dorg.cougaar.class.path=</vm_parameter>
      <!-- Where to look for config files, in order -->
      <vm_parameter>-Dorg.cougaar.config.path="$COUGAAR_INSTALL_PATH/pizza/configs/pizzaparty\;$COUGAAR_INSTALL_PATH/configs/common\;" </vm_parameter>
      <vm_parameter>-Dorg.cougaar.core.node.InitializationComponent=XML</vm_parameter>

      <!-- Specify the Cougaar installation directory -->
      <vm_parameter>-Dorg.cougaar.install.path="$COUGAAR_INSTALL_PATH"</vm_parameter>
      <!-- Where to find third party Jar files -->
      <vm_parameter>-Dorg.cougaar.system.path="$COUGAAR_INSTALL_PATH/sys"</vm_parameter>

      <!-- Tune the community service for a small society -->
      <vm_parameter>-Dorg.cougaar.community.update.interval=2000</vm_parameter>
      <!-- Tune the WP for a small society -->
      <vm_parameter>-Dorg.cougaar.core.wp.resolver.rmi.minLookup=500</vm_parameter>
      <vm_parameter>-Dorg.cougaar.core.wp.resolver.rmi.maxLookup=2000</vm_parameter>
      <vm_parameter>-Dorg.cougaar.core.wp.server.failTTD=1000</vm_parameter>
      <vm_parameter>-Dorg.cougaar.core.wp.server.successTTD=2000</vm_parameter>
      <vm_parameter>-Dorg.cougaar.core.mts.destq.retry.maxTimeout=3000</vm_parameter>
      <!-- Configure the logging service from this file -->
      <vm_parameter>-Dorg.cougaar.core.logging.config.filename="loggingConfig.conf"</vm_parameter>
      <!-- The workspace is where Agents write output -->
      <vm_parameter>-Dorg.cougaar.workspace=$COUGAAR_INSTALL_PATH/workspace</vm_parameter>
      <!-- Use our JDK over-rides for persistence -->
      <vm_parameter>-Xbootclasspath/p:"$COUGAAR_INSTALL_PATH/lib/javaiopatch.jar"</vm_parameter>

      <!-- Give the VM enough memory -->
      <vm_parameter>-Xms100m</vm_parameter>
      <vm_parameter>-Xmx300m</vm_parameter>
      <!-- Disable default load of WP server -->
      <vm_parameter>-Dorg.cougaar.core.load.wp.server=false</vm_parameter>
      <!-- Explicitly make Node1 the WP Server -->
      <!-- Address says how to register with WP. Could use HTTP -->
      <!-- bootstrap with address of @http://localhost:8800, to avoid RMI -->
      <vm_parameter>-Dorg.cougaar.name.server=SD_CCM_PizzaNode1@localhost:8888</vm_parameter>

      <!-- Now load components into the Node or NodeAgent -->

      <!-- By default, messaging uses RMI. HTTP, SOAP, etc are
      options. -->
      <!-- For example, to use HTTP, load: -->
      <!-- component class="org.cougaar.mts.http.HTTPLinkProtocol"
      insertionpoint="Node.AgentManager.Agent.MessageTransport.Component" -->

      <!-- Load the WP Server in this Node -->
      <component class="org.cougaar.core.wp.server.Server" 
         insertionpoint="Node.AgentManager.Agent.WPServer">
      </component>   
      <!-- Helper servlet to change Logging levels for the Node -->
      <component
	 name='org.cougaar.core.logging.LoggingConfigServlet()'
         class='org.cougaar.core.logging.LoggingConfigServlet'
         priority='COMPONENT'
         insertionpoint='Node.AgentManager.Agent.PluginManager.Plugin'>
      </component>

      <!-- Alice is the party planner -->
      <agent name="Alice">
	<!-- Tasks servlet shows Blackboard contents - for debugging -->
	<!-- Note that the priority and insertion point will be the
	defaults (Plugin insertion point, Component priority) -->
        <component class="org.cougaar.core.servlet.SimpleServletComponent">
          <argument>org.cougaar.planning.servlet.PlanViewServlet</argument>
          <argument>/tasks</argument>
        </component>
	<!-- Useful servlet to load an arbitrary component -->
        <component class="org.cougaar.planning.servlet.LoaderServletComponent">
          <argument>/load</argument>
        </component>
	<!-- Load the self Entity from these parameters -->
        <component class="org.cougaar.planning.plugin.asset.AssetDataParamPlugin">
          <argument>Prototype:Entity</argument>
          <argument>ClusterPG:MessageAddress:MessageAddress:Alice</argument>
          <argument>ItemIdentificationPG:ItemIdentification:String:Alice</argument>
          <argument>ItemIdentificationPG:Nomenclature:String:Alice</argument>
          <argument>TypeIdentificationPG:TypeIdentification:String:Person</argument>
          <argument>TypeIdentificationPG:Nomenclature:String:Alice</argument>
	  <!-- Specify whether we prefer meat or vegetarian -->
          <argument>EntityPG:Roles:Collection&lt;Role&gt;:Vegetarian</argument>
        </component>

	<!-- Community members need the CommunityPlugin -->
        <component
          name='org.cougaar.community.CommunityPlugin()'
          class='org.cougaar.community.CommunityPlugin'
          priority='COMPONENT'
          insertionpoint='Node.AgentManager.Agent.PluginManager.Plugin'>
        </component>
	<!-- Helper servlet to see community activity -->
        <component
          name='org.cougaar.community.util.CommunityViewerServlet()'
          class='org.cougaar.community.util.CommunityViewerServlet'
          priority='COMPONENT'
          insertionpoint='Node.AgentManager.Agent.PluginManager.Plugin'>
        </component>
	<!-- Any agent querying the YP needs the YPClientComponent and
	the UDDI4JRegistryQueryServiceComponent -->
	<!-- Note the YPClientComponent's special insertion point -->
        <component
          name='org.cougaar.yp.YPClientComponent()'
          class='org.cougaar.yp.YPClientComponent'
          priority='COMPONENT'
          insertionpoint='Node.AgentManager.Agent.YPService'>
        </component>
        <component
          name='org.cougaar.servicediscovery.service.UDDI4JRegistryQueryServiceComponent()'
          class='org.cougaar.servicediscovery.service.UDDI4JRegistryQueryServiceComponent'
          priority='COMPONENT'
          insertionpoint='Node.AgentManager.Agent.PluginManager.Plugin'>
        </component>
	<!-- Actually submits SD queries to the YP, scores the results -->
	<!-- Note that this Plugin must be loaded after the above
	UDDI4JRegistryQueryService has loaded -->
        <component
          name='org.cougaar.pizza.plugin.MatchmakerPlugin()'
          class='org.cougaar.pizza.plugin.MatchmakerPlugin'
          priority='COMPONENT'
          insertionpoint='Node.AgentManager.Agent.PluginManager.Plugin'>
	</component>
	<!-- Configuration Management -->
        <component
          name='com.cougaarsoftware.config.service.ConfigurationServiceComponent()'
          class='com.cougaarsoftware.config.service.ConfigurationServiceComponent'
          priority='COMPONENT'
          insertionpoint='Node.AgentManager.Agent.PluginManager.Plugin'>
        </component>
        <component
          name='com.cougaarsoftware.config.AgentConfigurationPlugin(UPDATE_INTERVAL_PARAM=5000,CONFIG_COMMUNITY_PARAM=ConfigCommunity)'
          class='com.cougaarsoftware.config.AgentConfigurationPlugin'
          priority='COMPONENT'
          insertionpoint='Node.AgentManager.Agent.PluginManager.Plugin'>
          <argument>
            UPDATE_INTERVAL_PARAM=5000
          </argument>
          <argument>
            CONFIG_COMMUNITY_PARAM=ConfigCommunity
          </argument>
        </component>        
      <!-- Debug servlet to see what SD queries we made -->
        <component
          name='org.cougaar.servicediscovery.servlet.MatchMakerQueryServletComponent(org.cougaar.servicediscovery.servlet.MatchMakerQueryServlet,/matchmaker_query)'
          class='org.cougaar.servicediscovery.servlet.MatchMakerQueryServletComponent'
          priority='COMPONENT'
          insertionpoint='Node.AgentManager.Agent.PluginManager.Plugin'>
          <argument>
            org.cougaar.servicediscovery.servlet.MatchMakerQueryServlet
          </argument>
          <argument>
            /matchmaker_query
          </argument>
        </component>
	<!-- Invite people to a party. Manages RSVPs. -->
        <component
          name='org.cougaar.pizza.plugin.InvitePlugin'
          class='org.cougaar.pizza.plugin.InvitePlugin'
          priority='COMPONENT'
          insertionpoint='Node.AgentManager.Agent.PluginManager.Plugin'>
	  <!-- How long to wait for answers, in milliseconds -->
          <argument>
            WAIT_FOR_RSVP_DURATION:60000
          </argument>
        </component>
	<!-- Create the Pizza Prototype assets -->
	<component
          name='org.cougaar.pizza.plugin.PizzaPrototypePlugin'
          class='org.cougaar.pizza.plugin.PizzaPrototypePlugin'
          priority='COMPONENT'
          insertionpoint='Node.AgentManager.Agent.PluginManager.Plugin'>
        </component>
	<!-- When RSVPs have been collected, look for a PizzaProvider,
	kicking off ServiceDiscovery if necessary. When we have proper
	providers, create the Order Tasks -->
	<!-- Replaces the PlaceOrderPlugin in the non-SD version -->
        <component
          name='org.cougaar.pizza.plugin.SDPlaceOrderPlugin'
          class='org.cougaar.pizza.plugin.SDPlaceOrderPlugin'
          priority='COMPONENT'
          insertionpoint='Node.AgentManager.Agent.PluginManager.Plugin'>
	</component>
	<!-- When signaled via a FindProviders Task, submit an SD
	query. Used the responses to create ServiceContracts,
	establishing a Relationship with the discovered PizzaProvider -->
        <component
          name='org.cougaar.pizza.plugin.SDClientPlugin'
          class='org.cougaar.pizza.plugin.SDClientPlugin'
          priority='COMPONENT'
          insertionpoint='Node.AgentManager.Agent.PluginManager.Plugin'>
	</component>
	<!-- Show the history of Blackboard changes in this Agent -->
        <component
          name='org.cougaar.pizza.servlet.HistoryServlet'
          class='org.cougaar.pizza.servlet.HistoryServlet'
          priority='COMPONENT'
          insertionpoint='Node.AgentManager.Agent.PluginManager.Plugin'>
	</component>
	<!-- Main PizzaParty UI: Show the collected pizza preferences
	from Invitees -->
        <component
          name='org.cougaar.pizza.servlet.PizzaPreferenceServlet'
          class='org.cougaar.pizza.servlet.PizzaPreferenceServlet'
          priority='COMPONENT'
          insertionpoint='Node.AgentManager.Agent.PluginManager.Plugin'>
	</component>
      </agent>

      <!-- Bob is a guest -->
      <agent name="Bob">
	<!-- Tasks servlet shows Blackboard contents - for debugging -->
        <component class="org.cougaar.core.servlet.SimpleServletComponent">
          <argument>org.cougaar.planning.servlet.PlanViewServlet</argument>
          <argument>/tasks</argument>
        </component>
	<!-- Useful servlet to load an arbitrary component -->
        <component class="org.cougaar.planning.servlet.LoaderServletComponent">
          <argument>/load</argument>
        </component>
	<!-- Load the self Entity from these parameters -->
        <component class="org.cougaar.planning.plugin.asset.AssetDataParamPlugin">
          <argument>Prototype:Entity</argument>
          <argument>ClusterPG:MessageAddress:MessageAddress:Bob</argument>
          <argument>ItemIdentificationPG:ItemIdentification:String:Bob</argument>
          <argument>ItemIdentificationPG:Nomenclature:String:Bob</argument>
          <argument>TypeIdentificationPG:TypeIdentification:String:Person</argument>
          <argument>TypeIdentificationPG:Nomenclature:String:Bob</argument>
          <argument>EntityPG:Roles:Collection&lt;Role&gt;:Carnivore</argument>
        </component>
	<!-- Community members need the CommunityPlugin -->
        <component
          name='org.cougaar.community.CommunityPlugin()'
          class='org.cougaar.community.CommunityPlugin'
          priority='COMPONENT'
          insertionpoint='Node.AgentManager.Agent.PluginManager.Plugin'>
        </component>
	<!-- Helper servlet to see community activity -->
        <component
          name='org.cougaar.community.util.CommunityViewerServlet()'
          class='org.cougaar.community.util.CommunityViewerServlet'
          priority='COMPONENT'
          insertionpoint='Node.AgentManager.Agent.PluginManager.Plugin'>
        </component>
	<!-- Respond to incoming RSVP Relays with our pizza preference -->
        <component
          name='org.cougaar.pizza.plugin.RSVPPlugin'
          class='org.cougaar.pizza.plugin.RSVPPlugin'
          priority='COMPONENT'
          insertionpoint='Node.AgentManager.Agent.PluginManager.Plugin'>
        </component>
	<!-- Show the history of Blackboard changes in this Agent -->
        <component
          name='org.cougaar.pizza.servlet.HistoryServlet'
          class='org.cougaar.pizza.servlet.HistoryServlet'
          priority='COMPONENT'
          insertionpoint='Node.AgentManager.Agent.PluginManager.Plugin'>
	</component>
	<!-- Configuration Management -->
        <component
          name='com.cougaarsoftware.config.service.ConfigurationServiceComponent()'
          class='com.cougaarsoftware.config.service.ConfigurationServiceComponent'
          priority='COMPONENT'
          insertionpoint='Node.AgentManager.Agent.PluginManager.Plugin'>
        </component>
        <component
          name='com.cougaarsoftware.config.AgentConfigurationPlugin(UPDATE_INTERVAL_PARAM=5000,CONFIG_COMMUNITY_PARAM=ConfigCommunity)'
          class='com.cougaarsoftware.config.AgentConfigurationPlugin'
          priority='COMPONENT'
          insertionpoint='Node.AgentManager.Agent.PluginManager.Plugin'>
          <argument>
            UPDATE_INTERVAL_PARAM=5000
          </argument>
          <argument>
            CONFIG_COMMUNITY_PARAM=ConfigCommunity
          </argument>
        </component>
      </agent>

      <!-- This agent just serves as a YPServer and community manager -->
      <agent name="Cambridge">
	<!-- Tasks servlet shows Blackboard contents - for debugging -->
        <component class="org.cougaar.core.servlet.SimpleServletComponent">
          <argument>org.cougaar.planning.servlet.PlanViewServlet</argument>
          <argument>/tasks</argument>
        </component>
	<!-- Useful servlet to load an arbitrary component -->
        <component class="org.cougaar.planning.servlet.LoaderServletComponent">
          <argument>/load</argument>
        </component>
	<!-- Load the self Entity from these parameters -->
        <component class="org.cougaar.planning.plugin.asset.AssetDataParamPlugin">
          <argument>Prototype:Entity</argument>
          <argument>ClusterPG:MessageAddress:MessageAddress:Cambridge</argument>
          <argument>ItemIdentificationPG:ItemIdentification:String:Cambridge</argument>
          <argument>ItemIdentificationPG:Nomenclature:String:Cambridge</argument>
          <argument>TypeIdentificationPG:TypeIdentification:String:Place</argument>
          <argument>TypeIdentificationPG:Nomenclature:String:Cambridge</argument>
        </component>
	<!-- Community members need the CommunityPlugin -->
        <component
          name='org.cougaar.community.CommunityPlugin()'
          class='org.cougaar.community.CommunityPlugin'
          priority='COMPONENT'
          insertionpoint='Node.AgentManager.Agent.PluginManager.Plugin'>
        </component>
	<!-- Helper servlet to see community activity -->
        <component
          name='org.cougaar.community.util.CommunityViewerServlet()'
          class='org.cougaar.community.util.CommunityViewerServlet'
          priority='COMPONENT'
          insertionpoint='Node.AgentManager.Agent.PluginManager.Plugin'>
        </component>
	<!-- YPServer needs this plugin -->
        <component
          name='org.cougaar.yp.YPServer()'
          class='org.cougaar.yp.YPServer'
          priority='COMPONENT'
          insertionpoint='Node.AgentManager.Agent.PluginManager.Plugin'>
        </component>
	<!-- YPServer must get a Taxonomy for SD -->
        <component
          name='org.cougaar.pizza.plugin.util.PublishTaxonomy()'
          class='org.cougaar.pizza.plugin.util.PublishTaxonomy'
          priority='COMPONENT'
          insertionpoint='Node.AgentManager.Agent.PluginManager.Plugin'>
        </component>
	<!-- Need YPClient component when acting as server -->
        <component
          name='org.cougaar.yp.YPClientComponent()'
          class='org.cougaar.yp.YPClientComponent'
          priority='COMPONENT'
          insertionpoint='Node.AgentManager.Agent.YPService'>
        </component>
	<!-- Show the history of Blackboard changes in this Agent -->
        <component
          name='org.cougaar.pizza.servlet.HistoryServlet'
          class='org.cougaar.pizza.servlet.HistoryServlet'
          priority='COMPONENT'
          insertionpoint='Node.AgentManager.Agent.PluginManager.Plugin'>
	</component>
	<!-- Configuration Management -->
        
	
        <component
          name='com.cougaarsoftware.config.service.ConfigurationServiceComponent()'
          class='com.cougaarsoftware.config.service.ConfigurationServiceComponent'
          priority='COMPONENT'
          insertionpoint='Node.AgentManager.Agent.PluginManager.Plugin'>
        </component>
        <component
          name='com.cougaarsoftware.config.AgentConfigurationPlugin(UPDATE_INTERVAL_PARAM=5000,CONFIG_COMMUNITY_PARAM=ConfigCommunity)'
          class='com.cougaarsoftware.config.AgentConfigurationPlugin'
          priority='COMPONENT'
          insertionpoint='Node.AgentManager.Agent.PluginManager.Plugin'>
          <argument>
            UPDATE_INTERVAL_PARAM=5000
          </argument>
          <argument>
            CONFIG_COMMUNITY_PARAM=ConfigCommunity
          </argument>
        </component>	
      </agent>

      <!-- Dominos is a Pizza Provider for all of Massachussetts -->
      <agent name="Dominos">
	<!-- Tasks servlet shows Blackboard contents - for debugging -->
        <component class="org.cougaar.core.servlet.SimpleServletComponent">
          <argument>org.cougaar.planning.servlet.PlanViewServlet</argument>
          <argument>/tasks</argument>
        </component>
	<!-- Useful servlet to load an arbitrary component -->
        <component class="org.cougaar.planning.servlet.LoaderServletComponent">
          <argument>/load</argument>
        </component>
	<!-- Load the self Entity from these parameters -->
        <component class="org.cougaar.planning.plugin.asset.AssetDataParamPlugin">
          <argument>Prototype:Entity</argument>
          <argument>ClusterPG:MessageAddress:MessageAddress:Dominos</argument>
          <argument>ItemIdentificationPG:ItemIdentification:String:Dominos</argument>
          <argument>ItemIdentificationPG:Nomenclature:String:Dominos</argument>
          <argument>TypeIdentificationPG:TypeIdentification:String:Store</argument>
          <argument>TypeIdentificationPG:Nomenclature:String:Dominos</argument>
        </component>
	<!-- Community members need the CommunityPlugin. SD uses Communities. -->
        <component
          name='org.cougaar.community.CommunityPlugin()'
          class='org.cougaar.community.CommunityPlugin'
          priority='COMPONENT'
          insertionpoint='Node.AgentManager.Agent.PluginManager.Plugin'>
        </component>
	<!-- Helper servlet to see community activity -->
        <component
          name='org.cougaar.community.util.CommunityViewerServlet()'
          class='org.cougaar.community.util.CommunityViewerServlet'
          priority='COMPONENT'
          insertionpoint='Node.AgentManager.Agent.PluginManager.Plugin'>
        </component>
	<!-- Agents registering with YP are YP Clients -->
        <component
          name='org.cougaar.yp.YPClientComponent()'
          class='org.cougaar.yp.YPClientComponent'
          priority='COMPONENT'
          insertionpoint='Node.AgentManager.Agent.YPService'>
        </component>
	<!-- Need UDDI Registration plugin to register in YP -->
        <component
          name='org.cougaar.servicediscovery.service.UDDI4JRegistrationServiceComponent()'
          class='org.cougaar.servicediscovery.service.UDDI4JRegistrationServiceComponent'
          priority='COMPONENT'
          insertionpoint='Node.AgentManager.Agent.PluginManager.Plugin'>
        </component>
	<!-- Create the KitchenAsset, specifying the types of Pizza
	we provide -->
	<component
          name='org.cougaar.pizza.plugin.KitchenPrototypePlugin'
          class='org.cougaar.pizza.plugin.KitchenPrototypePlugin'
          priority='COMPONENT'
          insertionpoint='Node.AgentManager.Agent.PluginManager.Plugin'>
          <argument>
            PIZZA_TYPES_PROVIDED=all
          </argument>
        </component>
	<!-- Handle incoming Order tasks -->
	<component
          name='org.cougaar.pizza.plugin.ProcessOrderPlugin'
          class='org.cougaar.pizza.plugin.ProcessOrderPlugin'
          priority='COMPONENT'
          insertionpoint='Node.AgentManager.Agent.PluginManager.Plugin'>
	</component>
	<!-- Register our services with the named YP -->
	<component
          name='org.cougaar.pizza.plugin.SDRegistrationPlugin'
          class='org.cougaar.pizza.plugin.SDRegistrationPlugin'
          priority='COMPONENT'
          insertionpoint='Node.AgentManager.Agent.PluginManager.Plugin'>
	  <argument>
	    MA
	  </argument>
	</component>
	<!-- Respond to ServiceContractRelays, agreeing to be their
	provider -->
	<component
          name='org.cougaar.servicediscoery.plugin.AgreeableProviderPlugin'
          class='org.cougaar.servicediscovery.plugin.AgreeableProviderPlugin'
          priority='COMPONENT'
          insertionpoint='Node.AgentManager.Agent.PluginManager.Plugin'>
	</component>
	<!-- Show the history of Blackboard changes in this Agent -->
        <component
          name='org.cougaar.pizza.servlet.HistoryServlet'
          class='org.cougaar.pizza.servlet.HistoryServlet'
          priority='COMPONENT'
          insertionpoint='Node.AgentManager.Agent.PluginManager.Plugin'>
	</component>
	<!-- Configuration Management -->
       <component
          name='com.cougaarsoftware.config.ConfigurationManagerPlugin(UPDATE_INTERVAL_PARAM=5000,CONFIG_COMMUNITY_PARAM=ConfigCommunity)'
          class='com.cougaarsoftware.config.ConfigurationManagerPlugin'
          priority='COMPONENT'
          insertionpoint='Node.AgentManager.Agent.PluginManager.Plugin'>
          <argument>
            UPDATE_INTERVAL_PARAM=5000
          </argument>
          <argument>
            CONFIG_COMMUNITY_PARAM=ConfigCommunity
          </argument>
        </component>	     
	
        <component
          name='com.cougaarsoftware.config.gui.ConfigViewerApplicationPlugin(graphPanelClass=com.cougaarsoftware.config.gui.touchgraph.TGConfigViewerGraphPanel)'
          class='com.cougaarsoftware.config.gui.ConfigViewerApplicationPlugin'
          priority='COMPONENT'
          insertionpoint='Node.AgentManager.Agent.PluginManager.Plugin'>
          <argument>
            graphPanelClass=com.cougaarsoftware.config.gui.touchgraph.TGConfigViewerGraphPanel
          </argument>
        </component>
        <component
          name='com.cougaarsoftware.config.ConfigurationManagerPlugin()'
          class='com.cougaarsoftware.config.ConfigurationManagerPlugin'
          priority='COMPONENT'
          insertionpoint='Node.AgentManager.Agent.PluginManager.Plugin'>
        </component>	
	                <component
          name='com.cougaarsoftware.config.service.ConfigurationServiceComponent()'
          class='com.cougaarsoftware.config.service.ConfigurationServiceComponent'
          priority='COMPONENT'
          insertionpoint='Node.AgentManager.Agent.PluginManager.Plugin'>
        </component>
        <component
          name='com.cougaarsoftware.config.AgentConfigurationPlugin(UPDATE_INTERVAL_PARAM=5000,CONFIG_COMMUNITY_PARAM=ConfigCommunity)'
          class='com.cougaarsoftware.config.AgentConfigurationPlugin'
          priority='COMPONENT'
          insertionpoint='Node.AgentManager.Agent.PluginManager.Plugin'>
          <argument>
            UPDATE_INTERVAL_PARAM=5000
          </argument>
          <argument>
            CONFIG_COMMUNITY_PARAM=ConfigCommunity
          </argument>
        </component>
      </agent>
    </node>
  </host>
</society>
