<?xml version="1.0" encoding="UTF-8"?>

<!-- This file is the configuration file for 4 of the agents in the
 Pizza Party application. You must run both this and the other Node
 (SD_CCM_PizzaNode1) to run the application. -->
<!-- To run, use bin/cougaar[.bat] SD_CCM_PizzaNode2.xml SD_CCM_PizzaNode2 -->

<!-- This is the ServiceDiscovery version of the application. See -->
<!-- also PizzaNode1 and PizzaNode2 -->

<!-- If you would like to break the agents up across different nodes, or hosts, -->
<!-- create a new <node name=name_here> section within the host element.  -->
<!-- Then remove the desired <agent>'s from the current <node> and place them -->
<!-- in the new <node>.  -->
<!-- The same can be done for adding a new <host>:  Add the new <host> to the -->
<!-- <society>, add a new <node> on the new <host> and then place agents on new node -->
<society 
  xmlns:xsi="http://www.w3.org/2001/XMLSchema-instance" 
  name="SD_CCM_Pizza-SOCIETY" 
  xsi:noNamespaceSchemaLocation="http://www.cougaar.org/2003/society.xsd">
  <host name="localhost">
    <node name="SD_CCM_PizzaNode2">
      <!-- The Java class to execute. -->
      <class>org.cougaar.bootstrap.Bootstrapper</class>
      <!-- Argument to the Java program. In this case, the actual
      class to run, once the Boostrapper finds the Jar files -->
      <prog_parameter>org.cougaar.core.node.Node</prog_parameter>

      <!-- vm_parameters, for use by $COUGAAR_INSTALL_PATH/bin/cougaar -->
      <!-- Make sure these SD_CCM_PizzaNode2 references match: -->
      <vm_parameter>-Dorg.cougaar.node.name=SD_CCM_PizzaNode2</vm_parameter>
      <vm_parameter>-Dorg.cougaar.society.file="SD_CCM_PizzaNode2.xml"</vm_parameter>
      <!-- The following parameters are standard -->
      <vm_parameter>-Djava.class.path="$COUGAAR_INSTALL_PATH/lib/bootstrap.jar"</vm_parameter>

      <!-- You could specify custom directories here - for example, to
      override the implementation of one of the Pizza plugins -->
      <vm_parameter>-Dorg.cougaar.class.path=</vm_parameter>
      <!-- Where to look for config files, in order -->
      <vm_parameter>-Dorg.cougaar.config.path="$COUGAAR_INSTALL_PATH/pizza/configs/pizzaparty\;$COUGAAR_INSTALL_PATH/configs/common\;" </vm_parameter>
      <vm_parameter>-Dorg.cougaar.core.node.InitializationComponent=XML</vm_parameter>

      <!-- Specify the Cougaar installation directory -->
      <vm_parameter>-Dorg.cougaar.install.path="$COUGAAR_INSTALL_PATH"</vm_parameter>
      <!-- Where to find third party Jar files -->
      <vm_parameter>-Dorg.cougaar.system.path="$COUGAAR_INSTALL_PATH/sys"</vm_parameter>

      <!-- Tune the community service for a small society -->
      <vm_parameter>-Dorg.cougaar.community.update.interval=2000</vm_parameter>
      <!-- Tune the WP for a small society -->
      <vm_parameter>-Dorg.cougaar.core.wp.resolver.rmi.minLookup=500</vm_parameter>
      <vm_parameter>-Dorg.cougaar.core.wp.resolver.rmi.maxLookup=2000</vm_parameter>
      <vm_parameter>-Dorg.cougaar.core.wp.server.failTTD=1000</vm_parameter>
      <vm_parameter>-Dorg.cougaar.core.wp.server.successTTD=2000</vm_parameter>
      <vm_parameter>-Dorg.cougaar.core.mts.destq.retry.maxTimeout=3000</vm_parameter>
      <!-- Configure the logging service from this file -->
      <vm_parameter>-Dorg.cougaar.core.logging.config.filename="loggingConfig.conf"</vm_parameter>
      <!-- The workspace is where Agents write output -->
      <vm_parameter>-Dorg.cougaar.workspace=$COUGAAR_INSTALL_PATH/workspace</vm_parameter>
      <!-- Use our JDK over-rides for persistence -->
      <vm_parameter>-Xbootclasspath/p:"$COUGAAR_INSTALL_PATH/lib/javaiopatch.jar"</vm_parameter>

      <!-- Give the VM enough memory -->
      <vm_parameter>-Xms100m</vm_parameter>
      <vm_parameter>-Xmx300m</vm_parameter>
      <!-- Disable default load of WP server -->
      <vm_parameter>-Dorg.cougaar.core.load.wp.server=false</vm_parameter>
      <!-- Explicitly make Node1 the WP Server -->
      <!-- Address says how to register with WP. Could use HTTP -->
      <!-- bootstrap with address of @http://localhost:8800, to avoid RMI -->
      <vm_parameter>-Dorg.cougaar.name.server=SD_CCM_PizzaNode1@localhost:8888</vm_parameter>

      <!-- Now load components into the Node or NodeAgent -->

      <!-- By default, messaging uses RMI. HTTP, SOAP, etc are
      options. -->
      <!-- For example, to use HTTP, load: -->
      <!-- component class="org.cougaar.mts.http.HTTPLinkProtocol"
      insertionpoint="Node.AgentManager.Agent.MessageTransport.Component" -->

      <!-- Helper servlet to change Logging levels for the Node -->
      <component
	 name='org.cougaar.core.logging.LoggingConfigServlet()'
         class='org.cougaar.core.logging.LoggingConfigServlet'
         priority='COMPONENT'
         insertionpoint='Node.AgentManager.Agent.PluginManager.Plugin'>
      </component>

      <!-- Tony is a party guest -->
      <agent name="Tony">
	<!-- Tasks servlet shows Blackboard contents - for debugging -->
        <component class="org.cougaar.core.servlet.SimpleServletComponent">
          <argument>org.cougaar.planning.servlet.PlanViewServlet</argument>
          <argument>/tasks</argument>
        </component>
	<!-- Useful servlet to load an arbitrary component -->
        <component class="org.cougaar.planning.servlet.LoaderServletComponent">
          <argument>/load</argument>
        </component>
	<!-- Load the self Entity from these parameters -->
        <component class="org.cougaar.planning.plugin.asset.AssetDataParamPlugin">
          <argument>Prototype:Entity</argument>
          <argument>ClusterPG:MessageAddress:MessageAddress:Tony</argument>
          <argument>ItemIdentificationPG:ItemIdentification:String:Tony</argument>
          <argument>ItemIdentificationPG:Nomenclature:String:Tony</argument>
          <argument>TypeIdentificationPG:TypeIdentification:String:Person</argument>
          <argument>TypeIdentificationPG:Nomenclature:String:Tony</argument>
          <argument>EntityPG:Roles:Collection&lt;Role&gt;:Carnivore</argument>
        </component>
	<!-- Community members need the CommunityPlugin -->
        <component
          name='org.cougaar.community.CommunityPlugin()'
          class='org.cougaar.community.CommunityPlugin'
          priority='COMPONENT'
          insertionpoint='Node.AgentManager.Agent.PluginManager.Plugin'>
        </component>
	<!-- Helper servlet to see community activity -->
        <component
          name='org.cougaar.community.util.CommunityViewerServlet()'
          class='org.cougaar.community.util.CommunityViewerServlet'
          priority='COMPONENT'
          insertionpoint='Node.AgentManager.Agent.PluginManager.Plugin'>
        </component>
	<!-- Respond to incoming RSVP Relays with our pizza preference -->
        <component
          name='org.cougaar.pizza.plugin.RSVPPlugin'
          class='org.cougaar.pizza.plugin.RSVPPlugin'
          priority='COMPONENT'
          insertionpoint='Node.AgentManager.Agent.PluginManager.Plugin'>
        </component>
	<!-- Show the history of Blackboard changes in this Agent -->
        <component
          name='org.cougaar.pizza.servlet.HistoryServlet'
          class='org.cougaar.pizza.servlet.HistoryServlet'
          priority='COMPONENT'
          insertionpoint='Node.AgentManager.Agent.PluginManager.Plugin'>
	</component>
	<!-- Configuration Management -->
    <component
          name='com.cougaarsoftware.config.AgentConfigurationPlugin(UPDATE_INTERVAL_PARAM=5000,CONFIG_COMMUNITY_PARAM=ConfigCommunity)'
          class='com.cougaarsoftware.config.AgentConfigurationPlugin'
          priority='COMPONENT'
          insertionpoint='Node.AgentManager.Agent.PluginManager.Plugin'>
          <argument>
            UPDATE_INTERVAL_PARAM=5000
          </argument>
          <argument>
            CONFIG_COMMUNITY_PARAM=ConfigCommunity
          </argument>
     </component>	
      </agent>

      <!-- Mark is a party guest -->
      <agent name="Mark">
	<!-- Tasks servlet shows Blackboard contents - for debugging -->
        <component class="org.cougaar.core.servlet.SimpleServletComponent">
          <argument>org.cougaar.planning.servlet.PlanViewServlet</argument>
          <argument>/tasks</argument>
        </component>
	<!-- Useful servlet to load an arbitrary component -->
        <component class="org.cougaar.planning.servlet.LoaderServletComponent">
          <argument>/load</argument>
        </component>
	<!-- Load the self Entity from these parameters -->
        <component class="org.cougaar.planning.plugin.asset.AssetDataParamPlugin">
          <argument>Prototype:Entity</argument>
          <argument>ClusterPG:MessageAddress:MessageAddress:Mark</argument>
          <argument>ItemIdentificationPG:ItemIdentification:String:Mark</argument>
          <argument>ItemIdentificationPG:Nomenclature:String:Mark</argument>
          <argument>TypeIdentificationPG:TypeIdentification:String:Person</argument>
          <argument>TypeIdentificationPG:Nomenclature:String:Mark</argument>
          <argument>EntityPG:Roles:Collection&lt;Role&gt;:Vegetarian</argument>
        </component>
	<!-- Community members need the CommunityPlugin -->
        <component
          name='org.cougaar.community.CommunityPlugin()'
          class='org.cougaar.community.CommunityPlugin'
          priority='COMPONENT'
          insertionpoint='Node.AgentManager.Agent.PluginManager.Plugin'>
        </component>
	<!-- Helper servlet to see community activity -->
        <component
          name='org.cougaar.community.util.CommunityViewerServlet()'
          class='org.cougaar.community.util.CommunityViewerServlet'
          priority='COMPONENT'
          insertionpoint='Node.AgentManager.Agent.PluginManager.Plugin'>
        </component>
	<!-- Respond to incoming RSVP Relays with our pizza preference -->
        <component
          name='org.cougaar.pizza.plugin.RSVPPlugin'
          class='org.cougaar.pizza.plugin.RSVPPlugin'
          priority='COMPONENT'
          insertionpoint='Node.AgentManager.Agent.PluginManager.Plugin'>
        </component>
	<!-- Show the history of Blackboard changes in this Agent -->
        <component
          name='org.cougaar.pizza.servlet.HistoryServlet'
          class='org.cougaar.pizza.servlet.HistoryServlet'
          priority='COMPONENT'
          insertionpoint='Node.AgentManager.Agent.PluginManager.Plugin'>
	</component>
	<!-- Configuration Management -->
    <component
          name='com.cougaarsoftware.config.AgentConfigurationPlugin(UPDATE_INTERVAL_PARAM=5000,CONFIG_COMMUNITY_PARAM=ConfigCommunity)'
          class='com.cougaarsoftware.config.AgentConfigurationPlugin'
          priority='COMPONENT'
          insertionpoint='Node.AgentManager.Agent.PluginManager.Plugin'>
          <argument>
            UPDATE_INTERVAL_PARAM=5000
          </argument>
          <argument>
            CONFIG_COMMUNITY_PARAM=ConfigCommunity
          </argument>
     </component>	
      </agent>

      <!-- This agent just serves as a YPServer and community manager -->
      <agent name="MA">
	<!-- Tasks servlet shows Blackboard contents - for debugging -->
        <component class="org.cougaar.core.servlet.SimpleServletComponent">
          <argument>org.cougaar.planning.servlet.PlanViewServlet</argument>
          <argument>/tasks</argument>
        </component>
	<!-- Useful servlet to load an arbitrary component -->
        <component class="org.cougaar.planning.servlet.LoaderServletComponent">
          <argument>/load</argument>
        </component>
	<!-- Load the self Entity from these parameters -->
        <component class="org.cougaar.planning.plugin.asset.AssetDataParamPlugin">
          <argument>Prototype:Entity</argument>
          <argument>ClusterPG:MessageAddress:MessageAddress:MA</argument>
          <argument>ItemIdentificationPG:ItemIdentification:String:MA</argument>
          <argument>ItemIdentificationPG:Nomenclature:String:MA</argument>
          <argument>TypeIdentificationPG:TypeIdentification:String:Place</argument>
          <argument>TypeIdentificationPG:Nomenclature:String:MA</argument>
        </component>
	<!-- Community members need the CommunityPlugin -->
        <component
          name='org.cougaar.community.CommunityPlugin()'
          class='org.cougaar.community.CommunityPlugin'
          priority='COMPONENT'
          insertionpoint='Node.AgentManager.Agent.PluginManager.Plugin'>
        </component>
	<!-- Helper servlet to see community activity -->
        <component
          name='org.cougaar.community.util.CommunityViewerServlet()'
          class='org.cougaar.community.util.CommunityViewerServlet'
          priority='COMPONENT'
          insertionpoint='Node.AgentManager.Agent.PluginManager.Plugin'>
        </component>
	<!-- YPServers need this plugin -->
        <component
          name='org.cougaar.yp.YPServer()'
          class='org.cougaar.yp.YPServer'
          priority='COMPONENT'
          insertionpoint='Node.AgentManager.Agent.PluginManager.Plugin'>
        </component>
	<!-- YPServers must also have a Taxonomy for SD -->
        <component
          name='org.cougaar.pizza.plugin.util.PublishTaxonomy()'
          class='org.cougaar.pizza.plugin.util.PublishTaxonomy'
          priority='COMPONENT'
          insertionpoint='Node.AgentManager.Agent.PluginManager.Plugin'>
        </component>
	<!-- Need YPClient component when acting as server -->
        <component
          name='org.cougaar.yp.YPClientComponent()'
          class='org.cougaar.yp.YPClientComponent'
          priority='COMPONENT'
          insertionpoint='Node.AgentManager.Agent.YPService'>
        </component>
	<!-- Show the history of Blackboard changes in this Agent -->
        <component
          name='org.cougaar.pizza.servlet.HistoryServlet'
          class='org.cougaar.pizza.servlet.HistoryServlet'
          priority='COMPONENT'
          insertionpoint='Node.AgentManager.Agent.PluginManager.Plugin'>
	</component>
	<!-- Configuration Management -->
    <component
          name='com.cougaarsoftware.config.AgentConfigurationPlugin(UPDATE_INTERVAL_PARAM=5000,CONFIG_COMMUNITY_PARAM=ConfigCommunity)'
          class='com.cougaarsoftware.config.AgentConfigurationPlugin'
          priority='COMPONENT'
          insertionpoint='Node.AgentManager.Agent.PluginManager.Plugin'>
          <argument>
            UPDATE_INTERVAL_PARAM=5000
          </argument>
          <argument>
            CONFIG_COMMUNITY_PARAM=ConfigCommunity
          </argument>
     </component>	
      </agent>

      <!-- Joes is a Pizza Provider for Cambridge only -->
      <agent name="JoesLocalPizzaShack">
	<!-- Tasks servlet shows Blackboard contents - for debugging -->
        <component class="org.cougaar.core.servlet.SimpleServletComponent">
          <argument>org.cougaar.planning.servlet.PlanViewServlet</argument>
          <argument>/tasks</argument>
        </component>
	<!-- Useful servlet to load an arbitrary component -->
        <component class="org.cougaar.planning.servlet.LoaderServletComponent">
          <argument>/load</argument>
        </component>
	<!-- Load the self Entity from these parameters -->
        <component class="org.cougaar.planning.plugin.asset.AssetDataParamPlugin">
          <argument>Prototype:Entity</argument>
          <argument>ClusterPG:MessageAddress:MessageAddress:JoesLocalPizzaShack</argument>
          <argument>ItemIdentificationPG:ItemIdentification:String:JoesLocalPizzaShack</argument>
          <argument>ItemIdentificationPG:Nomenclature:String:JoesLocalPizzaShack</argument>
          <argument>TypeIdentificationPG:TypeIdentification:String:Store</argument>
          <argument>TypeIdentificationPG:Nomenclature:String:JoesLocalPizzaShack</argument>
	  <!-- Note that we do not specify the PizzaProvider
          relationship with Alice here. Instead, we will use
          ServiceDiscovery -->
        </component>
	<!-- Community members need the CommunityPlugin -->
        <component
          name='org.cougaar.community.CommunityPlugin()'
          class='org.cougaar.community.CommunityPlugin'
          priority='COMPONENT'
          insertionpoint='Node.AgentManager.Agent.PluginManager.Plugin'>
        </component>
	<!-- Helper servlet to see community activity -->
        <component
          name='org.cougaar.community.util.CommunityViewerServlet()'
          class='org.cougaar.community.util.CommunityViewerServlet'
          priority='COMPONENT'
          insertionpoint='Node.AgentManager.Agent.PluginManager.Plugin'>
        </component>
	<!-- Agents registering with the YP are YP Clients -->
        <component
          name='org.cougaar.yp.YPClientComponent()'
          class='org.cougaar.yp.YPClientComponent'
          priority='COMPONENT'
          insertionpoint='Node.AgentManager.Agent.YPService'>
        </component>
	<!-- To register with YP need the UDDI4J Registration service -->
        <component
          name='org.cougaar.servicediscovery.service.UDDI4JRegistrationServiceComponent()'
          class='org.cougaar.servicediscovery.service.UDDI4JRegistrationServiceComponent'
          priority='COMPONENT'
          insertionpoint='Node.AgentManager.Agent.PluginManager.Plugin'>
        </component>
	<!-- Create the KitchenAsset, specifying the types of Pizza
	we provide -->
	<component
          name='org.cougaar.pizza.plugin.KitchenPrototypePlugin'
          class='org.cougaar.pizza.plugin.KitchenPrototypePlugin'
          priority='COMPONENT'
          insertionpoint='Node.AgentManager.Agent.PluginManager.Plugin'>
          <argument>
            PIZZA_TYPES_PROVIDED=meat_only
          </argument>
	</component>
	<!-- Handle incoming Order tasks -->
	<component
          name='org.cougaar.pizza.plugin.ProcessOrderPlugin'
          class='org.cougaar.pizza.plugin.ProcessOrderPlugin'
          priority='COMPONENT'
          insertionpoint='Node.AgentManager.Agent.PluginManager.Plugin'>
	</component>
	<!-- Register our services in the named YP -->
	<component
          name='org.cougaar.pizza.plugin.SDRegistrationPlugin'
          class='org.cougaar.pizza.plugin.SDRegistrationPlugin'
          priority='COMPONENT'
          insertionpoint='Node.AgentManager.Agent.PluginManager.Plugin'>
	  <argument>
	    Cambridge
	  </argument>
	</component>
	<!-- Respond to ServiceContractRelays, agreeing to be their
	provider -->
	<component
          name='org.cougaar.servicediscovery.plugin.AgreeableProviderPlugin'
          class='org.cougaar.servicediscovery.plugin.AgreeableProviderPlugin'
          priority='COMPONENT'
          insertionpoint='Node.AgentManager.Agent.PluginManager.Plugin'>
	</component>
	<!-- Show the history of Blackboard changes in this Agent -->
        <component
          name='org.couqgaar.pizza.servlet.HistoryServlet'
          class='org.cougaar.pizza.servlet.HistoryServlet'
          priority='COMPONENT'
          insertionpoint='Node.AgentManager.Agent.PluginManager.Plugin'>
        </component>
	<!-- Configuration Management -->
    <component
          name='com.cougaarsoftware.config.AgentConfigurationPlugin(UPDATE_INTERVAL_PARAM=5000,CONFIG_COMMUNITY_PARAM=ConfigCommunity)'
          class='com.cougaarsoftware.config.AgentConfigurationPlugin'
          priority='COMPONENT'
          insertionpoint='Node.AgentManager.Agent.PluginManager.Plugin'>
          <argument>
            UPDATE_INTERVAL_PARAM=5000
          </argument>
          <argument>
            CONFIG_COMMUNITY_PARAM=ConfigCommunity
          </argument>
     </component>	        
      </agent>
    </node>
  </host>
</society>
